Workbook

Sheet Patient_Data
A1: Patient ID | B1: Patient Name | C1: Age | D1: Gender | E1: Department | F1: Doctor | G1: Admission Date | H1: Discharge Date | I1: Length of Stay | J1: Treatment Cost | K1: Payment Mode | L1: Month
A2: P1001 | B2: Patient 1 | C2: 53 | D2: Male | E2: Cardiology | F2: Dr. Sharma | G2: 45769 | H2: 45771 | I2: 2 | J2: 11900 | K2: Insurance | L2: =TEXT(G2,"mmmm") -> April
A3: P1002 | B3: Patient 2 | C3: 31 | D3: Female | E3: Cardiology | F3: Dr. Sharma | G3: 45662 | H3: 45672 | I3: 10 | J3: 48180 | K3: Insurance | L3: =TEXT(G3,"mmmm") -> January
A4: P1003 | B4: Patient 3 | C4: 57 | D4: Male | E4: Neurology | F4: Dr. Mehta | G4: 46001 | H4: 46008 | I4: 7 | J4: 60438 | K4: Cash | L4: =TEXT(G4,"mmmm") -> December
A5: P1004 | B5: Patient 4 | C5: 74 | D5: Female | E5: General Medicine | F5: Dr. Khan | G5: 45663 | H5: 45673 | I5: 10 | J5: 54980 | K5: Card | L5: =TEXT(G5,"mmmm") -> January
A6: P1005 | B6: Patient 5 | C6: 52 | D6: Male | E6: Pediatrics | F6: Dr. Verma | G6: 45854 | H6: 45863 | I6: 9 | J6: 30096 | K6: UPI | L6: =TEXT(G6,"mmmm") -> July
A7: P1006 | B7: Patient 6 | C7: 29 | D7: Female | E7: Neurology | F7: Dr. Mehta | G7: 45876 | H7: 45884 | I7: 8 | J7: 37160 | K7: UPI | L7: =TEXT(G7,"mmmm") -> August
A8: P1007 | B8: Patient 7 | C8: 74 | D8: Female | E8: Gynecology | F8: Dr. Gupta | G8: 45718 | H8: 45721 | I8: 3 | J8: 25272 | K8: UPI | L8: =TEXT(G8,"mmmm") -> March
A9: P1008 | B9: Patient 8 | C9: 25 | D9: Male | E9: Gynecology | F9: Dr. Gupta | G9: 45757 | H9: 45764 | I9: 7 | J9: 46466 | K9: Insurance | L9: =TEXT(G9,"mmmm") -> April
A10: P1009 | B10: Patient 9 | C10: 78 | D10: Female | E10: Pediatrics | F10: Dr. Verma | G10: 45771 | H10: 45774 | I10: 3 | J10: 15468 | K10: Insurance | L10: =TEXT(G10,"mmmm") -> April
A11: P1010 | B11: Patient 10 | C11: 33 | D11: Female | E11: Orthopedics | F11: Dr. Singh | G11: 45936 | H11: 45941 | I11: 5 | J11: 22740 | K11: Insurance | L11: =TEXT(G11,"mmmm") -> October
A12: P1011 | B12: Patient 11 | C12: 31 | D12: Male | E12: Orthopedics | F12: Dr. Singh | G12: 45956 | H12: 45960 | I12: 4 | J12: 30044 | K12: Insurance | L12: =TEXT(G12,"mmmm") -> October
A13: P1012 | B13: Patient 12 | C13: 35 | D13: Female | E13: Neurology | F13: Dr. Mehta | G13: 45777 | H13: 45783 | I13: 6 | J13: 20136 | K13: Card | L13: =TEXT(G13,"mmmm") -> April
... A201: P1200 | B201: Patient 200 | C201: 41 | D201: Female | E201: Cardiology | F201: Dr. Sharma | G201: 45916 | H201: 45921 | I201: 5 | J201: 43750 | K201: Card | L201: =TEXT(G201,"mmmm") -> September

Sheet Analysis
A1: Department | B1: Total Patients | D1: Department | E1: Doctor Name
A2: Cardiology | B2: =COUNTIF(Patient_Data!E:E,A2) -> 31 | D2: Cardiology | E2: =VLOOKUP(A2,Patient_Data!$E$2:$F$201,2,FALSE) -> Dr. Sharma
A3: Neurology | B3: =COUNTIF(Patient_Data!E:E,A3) -> 40 | D3: Neurology | E3: =VLOOKUP(A3,Patient_Data!$E$2:$F$201,2,FALSE) -> Dr. Mehta
A4: Orthopedics | B4: =COUNTIF(Patient_Data!E:E,A4) -> 38 | D4: Orthopedics | E4: =VLOOKUP(A4,Patient_Data!$E$2:$F$201,2,FALSE) -> Dr. Singh
A5: General Medicine | B5: =COUNTIF(Patient_Data!E:E,A5) -> 33 | D5: General Medicine | E5: =VLOOKUP(A5,Patient_Data!$E$2:$F$201,2,FALSE) -> Dr. Khan
A6: Pediatrics | B6: =COUNTIF(Patient_Data!E:E,A6) -> 30 | D6: Pediatrics | E6: =VLOOKUP(A6,Patient_Data!$E$2:$F$201,2,FALSE) -> Dr. Verma
A7: Gynecology | B7: =COUNTIF(Patient_Data!E:E,A7) -> 28 | D7: Gynecology | E7: =VLOOKUP(A7,Patient_Data!$E$2:$F$201,2,FALSE) -> Dr. Gupta

Sheet Department Analysis
A1: Department | B1: Count of Patient ID
A2: Cardiology | B2: 31
A3: General Medicine | B3: 33
A4: Gynecology | B4: 28
A5: Neurology | B5: 40
A6: Orthopedics | B6: 38
A7: Pediatrics | B7: 30
A8: Grand Total | B8: 200

Sheet Doctor Analysis
A1: Doctor | B1: Count of Patient ID
A2: Dr. Gupta | B2: 28
A3: Dr. Khan | B3: 33
A4: Dr. Mehta | B4: 40
A5: Dr. Sharma | B5: 31
A6: Dr. Singh | B6: 38
A7: Dr. Verma | B7: 30
A8: Grand Total | B8: 200

Sheet Gender Analysis
A3: Gender | B3: Count of Patient ID
A4: Female | B4: 104
A5: Male | B5: 96
A6: Grand Total | B6: 200

Sheet Treatment Cost Analysis
A1: Month | B1: Sum of Treatment Cost
A2: January | B2: 533922
A3: February | B3: 500255
A4: March | B4: 548313
A5: April | B5: 800987
A6: May | B6: 428401
A7: June | B7: 264517
A8: July | B8: 551577
A9: August | B9: 513963
A10: September | B10: 508317
A11: October | B11: 1094023
A12: November | B12: 714131
A13: December | B13: 500106
A14: Grand Total | B14: 6958512

Sheet Health Dashboard
A1: HEALTHCARE PATIENT ANALYTICS DASHBOARD
